{"cameraMode":{"drawMode":0,"name":"Shaded","section":"Shading Mode"},"sceneLighting":true,"audioPlay":false,"sceneViewState":{"m_AlwaysRefresh":false,"showFog":true,"showSkybox":true,"showFlares":true,"showImageEffects":true,"showParticleSystems":true,"showVisualEffectGraphs":true,"m_FxEnabled":true},"in2DMode":false,"pivot":{"x":-0.35791778564453127,"y":12.343908309936524,"z":669.5748901367188},"rotation":{"x":0.23430375754833222,"y":0.06265957653522492,"z":-0.015118801966309548,"w":0.9700430035591126},"size":32.59420394897461,"orthographic":true}